chr1	230769835	D1S1656	.	G,G
chr1	230770264	D1S1656	.	A,A
chr1	230769942	D1S1656	.	A,A
chr1	230769803	D1S1656	.	G,G
chr1	230769165	D1S1656	.	C,C
chr1	230771308	D1S1656	.	G,G
chr1	230769839	D1S1656	.	C,C
chr1	230767749	D1S1656	.	G,G
chr1	230764747	D1S1656	.	G,G
chr1	230765352	D1S1656	.	G,G
chr1	230765438	D1S1656	.	C,C
chr1	230770930	D1S1656	.	G,G
chr1	230765962	D1S1656	.	C,C
chr1	230771334	D1S1656	.	T,T
chr1	230764749	D1S1656	.	T,T
chr1	230772455	D1S1656	.	A,A
chr1	230766636	D1S1656	.	A,A
chr1	230765669	D1S1656	.	A,A
chr1	230769516	D1S1656	.	CCTATCTATCTATCTATCTATCTATCTATCTATCTATCTATCTATCTATCTA,CCTATCTATCTATCTATCTATCTATCTATCTATCTATCTATCTATCTATCTATCTA
chr1	230765958	D1S1656	.	T,T
chr1	230765280	D1S1656	.	G,G
chr1	230771345	D1S1656	.	T,T
chr1	230771208	D1S1656	.	T,T
chr1	230767604	D1S1656	.	T,T
chr1	230767337	D1S1656	.	C,C
chr1	230765826	D1S1656	.	C,C
chr1	230767124	D1S1656	.	G,G
chr1	230766004	D1S1656	.	C,C
chr1	230768513	D1S1656	.	C,C
chr1	230767488	D1S1656	.	A,A
chr1	230767989	D1S1656	.	T,T
chr1	230771403	D1S1656	.	A,A
chr1	230765591	D1S1656	.	A,A
chr1	230766023	D1S1656	.	C,C
chr1	230768139	D1S1656	.	C,C
chr1	230766038	D1S1656	.	G,G
chr1	230769838	D1S1656	.	C,C
chr1	230768398	D1S1656	.	C,C
chr1	230766714	D1S1656	.	T,T
chr1	230770828	D1S1656	.	C,C
chr1	230771485	D1S1656	.	G,G
chr1	230771307	D1S1656	.	C,C
chr1	230772762	D1S1656	.	T,T
chr1	230768766	D1S1656	.	T,T
chr1	230772152	D1S1656	.	G,G
chr1	230771029	D1S1656	.	G,G
chr1	230765552	D1S1656	.	G,G
chr1	230770139	D1S1656	.	T,T
chr1	230765336	D1S1656	.	C,C
chr1	230765867	D1S1656	.	C,C
chr1	230768522	D1S1656	.	C,C
chr1	230768603	D1S1656	.	T,T
chr1	230770348	D1S1656	.	T,T
chr1	230771630	D1S1656	.	T,T
chr1	230769977	D1S1656	.	C,C
chr1	230769689	D1S1656	.	C,C
chr1	230770228	D1S1656	.	G,G
chr1	230767849	D1S1656	.	C,C
chr1	230767260	D1S1656	.	C,C
chr1	230770665	D1S1656	.	A,A
chr1	230767487	D1S1656	.	C,C
chr1	230767926	D1S1656	.	A,A
chr1	230772282	D1S1656	.	A,A
chr1	230765010	D1S1656	.	A,A
chr2	1487951	TPOX	.	G,G
chr2	1488501	TPOX	.	G,G
chr2	1484494	TPOX	.	T,T
chr2	1485704	TPOX	.	C,C
chr2	1489043	TPOX	.	C,C
chr2	1486871	TPOX	.	A,A
chr2	1489066	TPOX	.	G,G
chr2	1490584	TPOX	.	G,G
chr2	1485475	TPOX	.	C,C
chr2	1485626	TPOX	.	T,T
chr2	1489452	TPOX	.	G,G
chr2	1487734	TPOX	.	G,G
chr2	1489939	TPOX	.	C,C
chr2	1487609	TPOX	.	C,C
chr2	1490461	TPOX	.	C,C
chr2	1489136	TPOX	.	A,A
chr2	1487461	TPOX	.	G,G
chr2	1489544	TPOX	.	C,C
chr2	1488714	TPOX	.	C,C
chr2	1487648	TPOX	.	C,C
chr2	1484823	TPOX	.	T,T
chr2	1491494	TPOX	.	T,T
chr2	1484842	TPOX	.	T,T
chr2	1488281	TPOX	.	A,A
chr2	1484437	TPOX	.	G,G
chr2	1487598	TPOX	.	A,A
chr2	1485836	TPOX	.	T,T
chr2	1491180	TPOX	.	A,A
chr2	1484941	TPOX	.	T,T
chr2	1485858	TPOX	.	T,T
chr2	1484328	TPOX	.	A,A
chr2	1490601	TPOX	.	G,G
chr2	1491318	TPOX	.	A,A
chr2	1490557	TPOX	.	G,G
chr2	1485682	TPOX	.	C,C
chr2	1486460	TPOX	.	T,T
chr2	1487063	TPOX	.	C,C
chr2	1489615	TPOX	.	AATGAATGAATGAATGAATGAATGAATGAATG,AATGAATGAATGAATGAATGAATGAATGAATG
chr2	1490090	TPOX	.	G,A
chr2	1485480	TPOX	.	C,C
chr2	1487463	TPOX	.	G,G
chr2	1489193	TPOX	.	T,T
chr2	1490542	TPOX	.	C,C
chr2	1487071	TPOX	.	A,A
chr2	1484327	TPOX	.	G,G
chr2	1487510	TPOX	.	A,A
chr2	1484335	TPOX	.	T,T
chr2	1491905	TPOX	.	C,C
chr2	1484896	TPOX	.	T,T
chr2	1486249	TPOX	.	C,C
chr2	1487468	TPOX	.	C,C
chr2	1488609	TPOX	.	G,G
chr2	1488297	TPOX	.	A,A
chr2	1485464	TPOX	.	G,G
chr2	1485015	TPOX	.	G,G
chr2	1490641	TPOX	.	A,A
chr2	1485731	TPOX	.	C,C
chr2	1491206	TPOX	.	G,G
chr2	1490964	TPOX	.	G,G
chr2	1490491	TPOX	.	C,C
chr2	1487522	TPOX	.	CAGG,CAGG
chr2	1484479	TPOX	.	A,A
chr2	1485684	TPOX	.	G,G
chr2	1486795	TPOX	.	TAGTGGGG,TAGTGGGG
chr2	1484154	TPOX	.	A,A
chr2	1489983	TPOX	.	G,G
chr2	1487725	TPOX	.	T,T
chr2	1485709	TPOX	.	G,G
chr2	1485872	TPOX	.	A,A
chr2	1485875	TPOX	.	G,G
chr2	1486409	TPOX	.	G,G
chr2	1489556	TPOX	.	C,C
chr2	1484403	TPOX	.	C,C
chr2	1485059	TPOX	.	C,C
chr2	1486365	TPOX	.	T,T
chr2	1486420	TPOX	.	C,C
chr2	1485506	TPOX	.	C,C
chr2	1484844	TPOX	.	A,A
chr2	1489832	TPOX	.	G,G
chr2	1487347	TPOX	.	T,T
chr2	1487402	TPOX	.	T,T
chr2	1491820	TPOX	.	C,C
chr2	1487005	TPOX	.	G,G
chr2	1484474	TPOX	.	A,A
chr2	1486485	TPOX	.	C,C
chr2	1485402	TPOX	.	G,G
chr2	1484252	TPOX	.	G,G
chr2	1488499	TPOX	.	C,C
chr2	1491757	TPOX	.	A,A
chr2	68017242	D2S441	.	G,A
chr2	68012198	D2S441	.	G,G
chr2	68015087	D2S441	.	A,A
chr2	68012066	D2S441	.	A,A
chr2	68018330	D2S441	.	G,G
chr2	68013770	D2S441	.	A,G
chr2	68017504	D2S441	.	A,A
chr2	68012478	D2S441	.	CACATATAT,C
chr2	68011917	D2S441	.	TCTATCTATCTATCTATCTATCTATCTATCTATCTATCTATCTA,TCTATCTATCTATCTATCTATCTATCTATCTATCTATCTATCTATCTATTTATCTATCTA
chr2	68015100	D2S441	.	A,A
chr2	68015388	D2S441	.	G,G
chr2	68014581	D2S441	.	A,A
chr2	68017739	D2S441	.	C,C
chr2	68012435	D2S441	.	T,TAC
chr2	68014700	D2S441	.	G,G
chr2	68012109	D2S441	.	A,A
chr2	68012415	D2S441	.	T,T
chr2	68014065	D2S441	.	T,T
chr2	68018169	D2S441	.	T,T
chr2	68018176	D2S441	.	A,G
chr2	68012776	D2S441	.	T,T
chr2	68017126	D2S441	.	C,C
chr2	68012754	D2S441	.	C,C
chr2	68012616	D2S441	.	C,T
chr2	68013664	D2S441	.	C,C
chr2	68015787	D2S441	.	G,G
chr2	68015131	D2S441	.	G,G
chr2	68018322	D2S441	.	A,A
chr2	68013388	D2S441	.	C,C
chr2	68015976	D2S441	.	G,G
chr2	68012335	D2S441	.	C,C
chr2	68015130	D2S441	.	C,C
chr2	68016033	D2S441	.	G,G
chr2	68013405	D2S441	.	C,C
chr2	68013406	D2S441	.	G,T
chr2	68012694	D2S441	.	C,C
chr2	68011922	D2S441	.	G,G
chr2	68013086	D2S441	.	T,C
chr2	68014213	D2S441	.	A,G
chr2	68013124	D2S441	.	G,G
chr2	68017364	D2S441	.	A,A
chr2	68011990	D2S441	.	A,A
chr2	68017147	D2S441	.	G,G
chr2	68012877	D2S441	.	G,A
chr2	68014245	D2S441	.	T,T
chr2	68012888	D2S441	.	T,T
chr2	68016583	D2S441	.	G,G
chr2	68013692	D2S441	.	A,A
chr2	68015498	D2S441	.	C,C
chr2	68012722	D2S441	.	CACATATAT,CACATATAT
chr2	68016576	D2S441	.	C,C
chr2	68017732	D2S441	.	C,C
chr2	68016045	D2S441	.	T,T
chr2	68017573	D2S441	.	C,C
chr2	68012463	D2S441	.	A,A
chr2	68013988	D2S441	.	G,G
chr2	68016108	D2S441	.	C,C
chr2	68012762	D2S441	.	CATATAT,CATATA
chr2	68012608	D2S441	.	C,C
chr2	68012596	D2S441	.	T,T
chr2	68015330	D2S441	.	T,C
chr2	218016229	D2S1338	.	A,A
chr2	218016761	D2S1338	.	G,G
chr2	218012659	D2S1338	.	T,T
chr2	218013620	D2S1338	.	CT,CT
chr2	218015611	D2S1338	.	G,G
chr2	218010548	D2S1338	.	C,C
chr2	218016270	D2S1338	.	C,C
chr2	218011692	D2S1338	.	G,G
chr2	218013711	D2S1338	.	T,T
chr2	218015030	D2S1338	.	A,A
chr2	218012195	D2S1338	.	T,T
chr2	218015082	D2S1338	.	T,T
chr2	218011034	D2S1338	.	C,C
chr2	218014659	D2S1338	.	C,C
chr2	218011608	D2S1338	.	C,C
chr2	218014691	D2S1338	.	C,C
chr2	218016756	D2S1338	.	C,C
chr2	218015746	D2S1338	.	G,G
chr2	218016710	D2S1338	.	C,C
chr2	218017236	D2S1338	.	C,C
chr2	218018188	D2S1338	.	C,C
chr2	218016895	D2S1338	.	A,A
chr2	218014810	D2S1338	.	GGAAGGAAGGACGGAAGGAAGGAAGGAAGGAAGGAAGGAAGGAAGGAAGGAAGGAAGGAAGGAAGGAAGGAAGGCAGGCAGGCAGGCAGGCAGGCA,GGAAGGAAGGACGGAAGGAAGGAAGGAAGGAAGGAAGGAAGGAAGGAAGGAAGGAAGGAAGGCAGGCAGGCAGGCAGGCAGGCAGGCA
chr2	218014824	D2S1338	.	C,C
chr2	218016434	D2S1338	.	G,G
chr2	218018197	D2S1338	.	T,T
chr2	218013235	D2S1338	.	G,G
chr2	218014563	D2S1338	.	A,A
chr2	218016845	D2S1338	.	T,T
chr2	218010583	D2S1338	.	T,T
chr2	218011699	D2S1338	.	G,G
chr2	218010671	D2S1338	.	G,G
chr2	218014507	D2S1338	.	T,T
chr2	218012205	D2S1338	.	C,C
chr2	218013763	D2S1338	.	G,G
chr2	218016963	D2S1338	.	C,C
chr2	218011613	D2S1338	.	G,G
chr2	218013595	D2S1338	.	C,C
chr2	218017656	D2S1338	.	G,G
chr2	218018254	D2S1338	.	T,T
chr2	218010381	D2S1338	.	G,G
chr2	218012994	D2S1338	.	T,T
chr2	218018225	D2S1338	.	T,T
chr2	218011844	D2S1338	.	G,A
chr2	218012675	D2S1338	.	G,A
chr3	45535067	D3S1358	.	T,T
chr3	45538207	D3S1358	.	T,T
chr3	45537042	D3S1358	.	A,A
chr3	45536841	D3S1358	.	A,A
chr3	45539580	D3S1358	.	A,G
chr3	45539736	D3S1358	.	T,TA
chr3	45537777	D3S1358	.	G,C
chr3	45539413	D3S1358	.	T,C
chr3	45540758	D3S1358	.	A,A
chr3	45537457	D3S1358	.	T,C
chr3	45539154	D3S1358	.	G,G
chr3	45535998	D3S1358	.	T,T
chr3	45536613	D3S1358	.	C,G
chr3	45537899	D3S1358	.	T,C
chr3	45534822	D3S1358	.	G,A
chr3	45536683	D3S1358	.	G,A
chr3	45541805	D3S1358	.	C,C
chr3	45536129	D3S1358	.	G,A
chr3	45539923	D3S1358	.	A,A
chr3	45535094	D3S1358	.	T,C
chr3	45536800	D3S1358	.	C,T
chr3	45539315	D3S1358	.	A,A
chr3	45537158	D3S1358	.	T,G
chr3	45538748	D3S1358	.	A,G
chr3	45540750	D3S1358	.	G,A
chr3	45535776	D3S1358	.	A,C
chr3	45537617	D3S1358	.	C,CA
chr3	45540709	D3S1358	.	TCTATCTGTCTGTCTATCTATCTATCTATCTATCTATCTATCTATCTATCTATCTATCTA,TCTATCTGTCTATCTATCTATCTATCTATCTATCTATCTATCTATCTATCTATCTATCTATCTA
chr3	45539452	D3S1358	.	A,G
chr3	45541155	D3S1358	.	T,T
chr3	45537183	D3S1358	.	G,G
chr3	45538590	D3S1358	.	C,C
chr3	45538041	D3S1358	.	T,T
chr3	45540467	D3S1358	.	C,C
chr3	45541806	D3S1358	.	G,G
chr3	45535770	D3S1358	.	A,A
chr3	45534683	D3S1358	.	G,T
chr3	45539142	D3S1358	.	T,T
chr3	45540754	D3S1358	.	G,A
chr3	45539887	D3S1358	.	T,T
chr3	45537166	D3S1358	.	T,TG
chr3	45540056	D3S1358	.	G,G
chr5	123770027	D5S818	.	A,G
chr5	123771112	D5S818	.	A,T
chr5	123774457	D5S818	.	G,C
chr5	123775216	D5S818	.	C,C
chr5	123775552	D5S818	.	A,C
chr5	123771977	D5S818	.	C,A
chr5	123769214	D5S818	.	G,G
chr5	123772178	D5S818	.	AGT,AGT
chr5	123769189	D5S818	.	A,A
chr5	123773354	D5S818	.	A,T
chr5	123776702	D5S818	.	A,C
chr5	123770216	D5S818	.	G,G
chr5	123768746	D5S818	.	GT,G
chr5	123772778	D5S818	.	G,G
chr5	123769013	D5S818	.	A,A
chr5	123769334	D5S818	.	C,A
chr5	123772938	D5S818	.	C,G
chr5	123773987	D5S818	.	C,C
chr5	123772698	D5S818	.	C,C
chr5	123775464	D5S818	.	ATCTATCTATCTATCTATCTATCTATCTATCTATCTATCTATCTATCT,ATCTATCTATCTATCTATCTATCTATCTATCTATCTATCTATCT
chr5	123775612	D5S818	.	G,G
chr5	123773342	D5S818	.	C,T
chr5	123772264	D5S818	.	G,G
chr5	123768804	D5S818	.	T,C
chr5	123773895	D5S818	.	A,A
chr5	123776635	D5S818	.	T,T
chr5	123769740	D5S818	.	T,C
chr5	123771287	D5S818	.	T,C
chr5	123771451	D5S818	.	G,A
chr5	123775724	D5S818	.	T,T
chr5	123773437	D5S818	.	C,T
chr5	123774976	D5S818	.	C,C
chr7	84160160	D7S820	.	TATCTATCTATCTATCTATCTATCTATCTATCTATCTATCTATC,TATCTATCTATCTATCTATCTATCTATCTATCTATCTATCTATCTATC
chr7	84160286	D7S820	.	G,G
chr7	84158882	D7S820	.	T,A
chr7	84153523	D7S820	.	G,G
chr7	84154321	D7S820	.	G,G
chr7	84160161	D7S820	.	A,A
chr7	84152889	D7S820	.	T,T
chr7	84158442	D7S820	.	A,A
chr7	84155326	D7S820	.	A,A
chr7	84157672	D7S820	.	T,A
chr7	84160110	D7S820	.	C,C
chr7	84157906	D7S820	.	C,C
chr7	84157376	D7S820	.	A,A
chr7	84154405	D7S820	.	C,C
chr7	84157880	D7S820	.	A,A
chr7	84161446	D7S820	.	T,T
chr7	84159364	D7S820	.	C,C
chr7	84161300	D7S820	.	G,G
chr7	84156518	D7S820	.	G,G
chr7	84154532	D7S820	.	C,C
chr7	84156221	D7S820	.	T,T
chr7	84154690	D7S820	.	A,A
chr7	84159122	D7S820	.	T,A
chr7	84158029	D7S820	.	T,T
chr7	84159837	D7S820	.	GATGTGAACAATTGTGTTCTA,GATGTGAACAATTGTGTTCTA
chr7	84160645	D7S820	.	G,G
chr7	84157144	D7S820	.	G,G
chr7	84158211	D7S820	.	G,G
chr7	84153116	D7S820	.	C,C
chr7	84157594	D7S820	.	C,C
chr7	84157528	D7S820	.	C,G
chr7	84160821	D7S820	.	A,G
chr7	84160204	D7S820	.	A,A
chr7	84153119	D7S820	.	C,C
chr7	84154573	D7S820	.	G,G
chr7	84158224	D7S820	.	G,G
chr7	84160793	D7S820	.	T,T
chr7	84154884	D7S820	.	C,C
chr7	84155335	D7S820	.	A,A
chr7	84160017	D7S820	.	T,T
chr7	84157462	D7S820	.	GT,GT
chr7	84158879	D7S820	.	A,A
chr7	84158379	D7S820	.	C,C
chr7	84157018	D7S820	.	A,A
chr7	84157815	D7S820	.	C,T
chr10	129287693	D10S1248	.	A,G
chr10	129290061	D10S1248	.	C,C
chr10	129286471	D10S1248	.	C,C
chr10	129290922	D10S1248	.	G,G
chr10	129289068	D10S1248	.	A,G
chr10	129289385	D10S1248	.	C,A
chr10	129291133	D10S1248	.	T,T
chr10	129286511	D10S1248	.	C,C
chr10	129294516	D10S1248	.	T,T
chr10	129286638	D10S1248	.	C,C
chr10	129288880	D10S1248	.	C,T
chr10	129288560	D10S1248	.	T,C
chr10	129290349	D10S1248	.	T,C
chr10	129293018	D10S1248	.	A,A
chr10	129294214	D10S1248	.	GGAAGGAAGGAAGGAAGGAAGGAAGGAAGGAAGGAAGGAAGGAAGGAAGGAAGGAA,GGAAGGAAGGAAGGAAGGAAGGAAGGAAGGAAGGAAGGAAGGAAGGAAGGAAGGAAGGAAGGAA
chr10	129294534	D10S1248	.	A,A
chr10	129290819	D10S1248	.	T,C
chr10	129288323	D10S1248	.	A,G
chr10	129287909	D10S1248	.	A,C
chr10	129290350	D10S1248	.	G,G
chr10	129294365	D10S1248	.	A,A
chr10	129287126	D10S1248	.	C,T
chr10	129286506	D10S1248	.	G,A
chr10	129288147	D10S1248	.	A,G
chr10	129293472	D10S1248	.	A,A
chr10	129288585	D10S1248	.	A,G
chr10	129293734	D10S1248	.	T,T
chr10	129294417	D10S1248	.	T,T
chr10	129287616	D10S1248	.	T,T
chr10	129287297	D10S1248	.	C,C
chr10	129287532	D10S1248	.	C,C
chr10	129289703	D10S1248	.	A,A
chr10	129287253	D10S1248	.	C,T
chr10	129290183	D10S1248	.	G,G
chr10	129293065	D10S1248	.	C,C
chr10	129293818	D10S1248	.	G,T
chr10	129290876	D10S1248	.	T,T
chr10	129291660	D10S1248	.	T,T
chr10	129287102	D10S1248	.	C,C
chr10	129288468	D10S1248	.	A,A
chr10	129287306	D10S1248	.	TG,TG
chr10	129292008	D10S1248	.	A,A
chr10	129288788	D10S1248	.	C,T
chr11	2177483	TH01	.	A,A
chr11	2175891	TH01	.	G,G
chr11	2176724	TH01	.	A,A
chr11	2172587	TH01	.	C,C
chr11	2174308	TH01	.	A,G
chr11	2176056	TH01	.	G,A
chr11	2175100	TH01	.	T,T
chr11	2176595	TH01	.	G,G
chr11	2178733	TH01	.	G,G
chr11	2175119	TH01	.	G,A
chr11	2172610	TH01	.	G,A
chr11	2173684	TH01	.	G,A
chr11	2175918	TH01	.	A,G
chr11	2173393	TH01	.	C,C
chr11	2172832	TH01	.	C,A
chr11	2174607	TH01	.	G,A
chr11	2177029	TH01	.	A,G
chr11	2178456	TH01	.	G,A
chr11	2173160	TH01	.	G,G
chr11	2176004	TH01	.	GC,GC
chr11	2173815	TH01	.	A,G
chr11	2178420	TH01	.	A,A
chr11	2178845	TH01	.	A,A
chr11	2174751	TH01	.	C,T
chr11	2177188	TH01	.	T,G
chr11	2177243	TH01	.	C,C
chr11	2178779	TH01	.	C,C
chr11	2174058	TH01	.	A,G
chr11	2177249	TH01	.	G,G
chr11	2171568	TH01	.	C,C
chr11	2172945	TH01	.	C,C
chr11	2174614	TH01	.	C,T
chr11	2172529	TH01	.	G,G
chr11	2177435	TH01	.	C,T
chr11	2178146	TH01	.	G,G
chr11	2178346	TH01	.	G,G
chr11	2172809	TH01	.	G,G
chr11	2172367	TH01	.	T,C
chr11	2175939	TH01	.	C,C
chr11	2176705	TH01	.	T,T
chr11	2173672	TH01	.	A,A
chr11	2175195	TH01	.	G,G
chr11	2177280	TH01	.	C,C
chr11	2175095	TH01	.	G,G
chr11	2177738	TH01	.	A,A
chr11	2175680	TH01	.	A,G
chr11	2178228	TH01	.	C,C
chr11	2174037	TH01	.	T,C
chr11	2174853	TH01	.	C,C
chr11	2176330	TH01	.	C,C
chr11	2173190	TH01	.	C,G
chr11	2176206	TH01	.	C,G
chr11	2178926	TH01	.	C,C
chr11	2177156	TH01	.	G,G
chr11	2175387	TH01	.	G,G
chr11	2175087	TH01	.	C,C
chr11	2172427	TH01	.	T,T
chr11	2176745	TH01	.	A,A
chr11	2172619	TH01	.	G,G
chr11	2175207	TH01	.	A,A
chr11	2171058	TH01	.	AATGAATGAATGAATGAATGAATGAATGAATGAATG,AATGAATGAATGAATGAATGAATGATGAATGAATGAATG
chr11	2177368	TH01	.	GCCTGTGGGCTGCCTCT,GCCTGTGGGCTGCCTCT
chr11	2178706	TH01	.	TTGTG,TTGTG
chr11	2171244	TH01	.	C,C
chr11	2178734	TH01	.	T,T
chr11	2176659	TH01	.	G,G
chr11	2175324	TH01	.	C,C
chr11	2174900	TH01	.	G,G
chr11	2172368	TH01	.	G,G
chr11	2175194	TH01	.	C,T
chr11	2173580	TH01	.	C,T
chr11	2175102	TH01	.	T,T
chr11	2175463	TH01	.	C,C
chr11	2175882	TH01	.	G,A
chr11	2172280	TH01	.	T,C
chr11	2175902	TH01	.	G,T
chr11	2178832	TH01	.	ACT,ACT
chr11	2177482	TH01	.	C,C
chr11	2178219	TH01	.	G,G
chr12	5991411	vWA	.	G,G
chr12	5991429	vWA	.	T,T
chr12	5984017	vWA	.	T,T
chr12	5983882	vWA	.	A,A
chr12	5984025	vWA	.	C,C
chr12	5985823	vWA	.	T,T
chr12	5984033	vWA	.	C,C
chr12	5983970	vWA	.	A,A
chr12	5984786	vWA	.	T,T
chr12	5984899	vWA	.	C,C
chr12	5988891	vWA	.	CA,C
chr12	5988662	vWA	.	A,A
chr12	5991207	vWA	.	A,A
chr12	5987546	vWA	.	G,G
chr12	5989077	vWA	.	C,C
chr12	5983555	vWA	.	G,G
chr12	5991445	vWA	.	G,G
chr12	5988432	vWA	.	C,C
chr12	5985618	vWA	.	T,T
chr12	5985679	vWA	.	A,A
chr12	5990683	vWA	.	G,G
chr12	5988171	vWA	.	C,C
chr12	5989286	vWA	.	C,C
chr12	5986108	vWA	.	C,C
chr12	5990308	vWA	.	T,T
chr12	5987909	vWA	.	G,G
chr12	5984842	vWA	.	A,A
chr12	5991210	vWA	.	T,T
chr12	5984760	vWA	.	A,A
chr12	5988799	vWA	.	T,T
chr12	5991087	vWA	.	T,T
chr12	5983613	vWA	.	G,G
chr12	5988002	vWA	.	A,A
chr12	5988172	vWA	.	G,G
chr12	5990372	vWA	.	C,C
chr12	5983943	vWA	.	TAGATAGATAGATAGATAGATAGATAGATAGATAGATAGATAGACAGACAGACAGACAGATAGA,TAGATAGATAGATAGATAGATAGATAGATAGATAGATAGATAGATAGATAGACAGACAGACAGACAGATAGA
chr12	5984320	vWA	.	T,T
chr12	5988491	vWA	.	C,T
chr12	5988088	vWA	.	T,T
chr12	5990287	vWA	.	C,C
chr12	5984916	vWA	.	A,A
chr12	5988292	vWA	.	C,C
chr12	5991319	vWA	.	G,G
chr12	5985224	vWA	.	C,C
chr12	5988729	vWA	.	C,C
chr12	5988780	vWA	.	C,C
chr12	5989691	vWA	.	G,G
chr12	5985771	vWA	.	C,C
chr12	5987128	vWA	.	C,C
chr12	5989072	vWA	.	G,G
chr12	5984958	vWA	.	AAC,AAC
chr12	5987489	vWA	.	T,T
chr12	5988250	vWA	.	A,A
chr12	5983542	vWA	.	T,T
chr12	5987090	vWA	.	A,A
chr12	5991334	vWA	.	G,G
chr12	5987383	vWA	.	T,T
chr12	5984374	vWA	.	C,C
chr12	5983895	vWA	.	G,G
chr12	5987525	vWA	.	A,A
chr12	5984021	vWA	.	T,T
chr12	5988030	vWA	.	G,G
chr12	5988789	vWA	.	C,C
chr12	5985329	vWA	.	C,C
chr12	5986642	vWA	.	T,T
chr12	5983677	vWA	.	G,G
chr12	5984545	vWA	.	C,C
chr12	5987650	vWA	.	T,T
chr12	5986591	vWA	.	C,C
chr12	5987507	vWA	.	G,G
chr12	5990680	vWA	.	A,A
chr12	5985124	vWA	.	A,A
chr12	5986641	vWA	.	T,T
chr12	5988336	vWA	.	G,G
chr12	5987217	vWA	.	C,C
chr12	5989438	vWA	.	G,G
chr12	5984986	vWA	.	G,G
chr12	5986735	vWA	.	G,G
chr12	5984116	vWA	.	A,A
chr12	5984121	vWA	.	C,C
chr12	5984134	vWA	.	T,T
chr12	5987982	vWA	.	A,A
chr12	5987510	vWA	.	A,A
chr12	5986164	vWA	.	C,C
chr12	12304022	D12S391	.	G,G
chr12	12301493	D12S391	.	T,A
chr12	12298228	D12S391	.	A,A
chr12	12300284	D12S391	.	A,A
chr12	12302948	D12S391	.	A,A
chr12	12304724	D12S391	.	T,T
chr12	12304848	D12S391	.	C,A
chr12	12301328	D12S391	.	G,G
chr12	12302659	D12S391	.	T,T
chr12	12303590	D12S391	.	T,C
chr12	12299311	D12S391	.	T,T
chr12	12301146	D12S391	.	G,G
chr12	12303008	D12S391	.	G,G
chr12	12300072	D12S391	.	T,T
chr12	12304508	D12S391	.	C,C
chr12	12305026	D12S391	.	A,A
chr12	12298021	D12S391	.	C,C
chr12	12303509	D12S391	.	T,T
chr12	12297912	D12S391	.	C,C
chr12	12297071	D12S391	.	C,C
chr12	12304364	D12S391	.	C,C
chr12	12300166	D12S391	.	G,A
chr12	12304120	D12S391	.	G,T
chr12	12303495	D12S391	.	C,T
chr12	12299716	D12S391	.	T,G
chr12	12303373	D12S391	.	T,T
chr12	12298901	D12S391	.	G,C
chr12	12300411	D12S391	.	A,G
chr12	12303704	D12S391	.	G,G
chr12	12302236	D12S391	.	C,C
chr12	12304138	D12S391	.	G,G
chr12	12304819	D12S391	.	A,A
chr12	12302998	D12S391	.	T,T
chr12	12297095	D12S391	.	C,T
chr12	12302960	D12S391	.	G,G
chr12	12297598	D12S391	.	C,A
chr12	12299378	D12S391	.	G,G
chr12	12301235	D12S391	.	G,A
chr12	12303501	D12S391	.	T,T
chr12	12297067	D12S391	.	C,C
chr12	12300495	D12S391	.	T,T
chr12	12298687	D12S391	.	G,G
chr12	12304847	D12S391	.	A,C
chr12	12303619	D12S391	.	G,G
chr12	12304659	D12S391	.	G,G
chr12	12300874	D12S391	.	T,G
chr12	12302294	D12S391	.	C,C
chr12	12304971	D12S391	.	C,C
chr12	12298287	D12S391	.	T,T
chr12	12304269	D12S391	.	T,T
chr12	12304569	D12S391	.	C,T
chr12	12304055	D12S391	.	C,C
chr12	12304427	D12S391	.	G,G
chr12	12304411	D12S391	.	G,G
chr12	12298890	D12S391	.	G,T
chr12	12301714	D12S391	.	T,C
chr12	12304015	D12S391	.	C,C
chr12	12304792	D12S391	.	G,A
chr12	12304077	D12S391	.	G,G
chr12	12298299	D12S391	.	T,C
chr12	12302956	D12S391	.	G,T
chr12	12302879	D12S391	.	T,T
chr12	12298446	D12S391	.	T,T
chr12	12302645	D12S391	.	G,G
chr12	12298278	D12S391	.	C,A
chr12	12303914	D12S391	.	C,C
chr12	12304849	D12S391	.	A,A
chr12	12303734	D12S391	.	A,A
chr12	12304818	D12S391	.	G,G
chr12	12301151	D12S391	.	T,C
chr12	12304821	D12S391	.	ACTCC,ACTCC
chr12	12302180	D12S391	.	G,A
chr12	12296990	D12S391	.	AGATAGATAGATAGATAGATAGATAGATAGATAGATAGATAGATAGATAGATAGACAGACAGACAGACAGACAGACAGACAGACAGAC,AGATAGATAGATAGATAGATAGATAGATAGATAGATAGATAGATAGATAGATAGACAGACAGACAGACAGACAGACAGACAGACAGAT
chr13	82147793	D13S317	.	T,T
chr13	82139557	D13S317	.	TC,TC
chr13	82140154	D13S317	.	A,C
chr13	82140506	D13S317	.	A,A
chr13	82144808	D13S317	.	T,T
chr13	82148560	D13S317	.	T,T
chr13	82145055	D13S317	.	C,T
chr13	82147033	D13S317	.	A,G
chr13	82139696	D13S317	.	T,T
chr13	82142283	D13S317	.	A,A
chr13	82144902	D13S317	.	C,C
chr13	82146981	D13S317	.	G,A
chr13	82140653	D13S317	.	A,A
chr13	82145189	D13S317	.	G,T
chr13	82147972	D13S317	.	G,G
chr13	82147989	D13S317	.	TATCTATCTATCTATCTATCTATCTATCTATCTATCTATCTATCTATCTATC,TATCTATCTATCTATCTATCTATCTATCTATCTATCTATCTATC
chr13	82142462	D13S317	.	G,A
chr13	82142751	D13S317	.	T,T
chr13	82148069	D13S317	.	T,A
chr13	82141692	D13S317	.	C,C
chr13	82144590	D13S317	.	C,A
chr13	82148966	D13S317	.	A,A
chr13	82145811	D13S317	.	G,C
chr13	82144526	D13S317	.	G,C
chr13	82147562	D13S317	.	T,T
chr13	82145290	D13S317	.	C,C
chr13	82145534	D13S317	.	A,A
chr13	82144924	D13S317	.	C,C
chr13	82148183	D13S317	.	C,A
chr13	82142028	D13S317	.	G,G
chr13	82146832	D13S317	.	T,T
chr13	82148930	D13S317	.	A,A
chr13	82142934	D13S317	.	A,T
chr13	82148594	D13S317	.	A,A
chr13	82139850	D13S317	.	C,T
chr13	82148504	D13S317	.	G,G
chr13	82145972	D13S317	.	A,G
chr13	82140656	D13S317	.	A,A
chr13	82145761	D13S317	.	A,A
chr16	86351309	D16S539	.	A,A
chr16	86349213	D16S539	.	G,G
chr16	86347358	D16S539	.	C,C
chr16	86354035	D16S539	.	C,C
chr16	86347450	D16S539	.	G,G
chr16	86353282	D16S539	.	C,C
chr16	86352642	D16S539	.	GATAGATAGATAGATAGATAGATAGATAGATAGATAGATAGATA,GATAGATAGATAGATAGATAGATAGATAGATAGATAGATAGATA
chr16	86347720	D16S539	.	C,C
chr16	86350094	D16S539	.	C,C
chr16	86350316	D16S539	.	G,G
chr16	86353669	D16S539	.	A,A
chr16	86348105	D16S539	.	G,G
chr16	86352084	D16S539	.	T,T
chr16	86353353	D16S539	.	G,G
chr16	86347337	D16S539	.	T,T
chr16	86351331	D16S539	.	C,C
chr16	86351773	D16S539	.	A,A
chr16	86349067	D16S539	.	T,T
chr16	86347397	D16S539	.	C,C
chr16	86351955	D16S539	.	T,T
chr16	86347898	D16S539	.	G,G
chr16	86350566	D16S539	.	G,G
chr16	86347410	D16S539	.	C,C
chr16	86352156	D16S539	.	C,C
chr16	86349283	D16S539	.	C,C
chr16	86353365	D16S539	.	A,A
chr16	86349950	D16S539	.	A,A
chr16	86348372	D16S539	.	G,G
chr16	86347300	D16S539	.	A,A
chr16	86353723	D16S539	.	A,A
chr16	86347417	D16S539	.	A,A
chr16	86353361	D16S539	.	C,C
chr16	86352761	D16S539	.	A,A
chr16	86351806	D16S539	.	A,A
chr16	86349548	D16S539	.	T,T
chr16	86349212	D16S539	.	C,C
chr16	86352288	D16S539	.	GA,GA
chr16	86354111	D16S539	.	G,G
chr16	86353069	D16S539	.	C,C
chr16	86354678	D16S539	.	G,G
chr16	86347757	D16S539	.	C,C
chr16	86352607	D16S539	.	A,A
chr16	86354633	D16S539	.	C,C
chr16	86353807	D16S539	.	G,G
chr16	86349467	D16S539	.	C,C
chr16	86350514	D16S539	.	A,A
chr16	86351847	D16S539	.	T,T
chr16	86347400	D16S539	.	C,C
chr16	86347913	D16S539	.	C,C
chr16	86353384	D16S539	.	A,A
chr16	86354120	D16S539	.	G,G
chr16	86348726	D16S539	.	G,G
chr16	86353354	D16S539	.	C,C
chr16	86354941	D16S539	.	T,T
chr16	86348014	D16S539	.	C,C
chr16	86351498	D16S539	.	A,A
chr16	86348514	D16S539	.	A,A
chr16	86353918	D16S539	.	T,T
chr16	86352312	D16S539	.	C,C
chr16	86353796	D16S539	.	T,G
chr16	86349157	D16S539	.	T,T
chr16	86351726	D16S539	.	C,C
chr16	86351160	D16S539	.	G,G
chr16	86347351	D16S539	.	C,C
chr16	86347578	D16S539	.	C,C
chr16	86352146	D16S539	.	C,C
chr16	86353158	D16S539	.	C,C
chr16	86354489	D16S539	.	A,A
chr16	86350795	D16S539	.	C,C
chr16	86348068	D16S539	.	C,C
chr16	86348267	D16S539	.	G,G
chr16	86354962	D16S539	.	C,C
chr16	86352153	D16S539	.	C,C
chr16	86352441	D16S539	.	T,T
chr18	63281139	D18S51	.	A,A
chr18	63282093	D18S51	.	C,C
chr18	63280689	D18S51	.	T,T
chr18	63275775	D18S51	.	C,C
chr18	63278374	D18S51	.	T,T
chr18	63279878	D18S51	.	C,T
chr18	63277321	D18S51	.	A,A
chr18	63278367	D18S51	.	C,C
chr18	63283587	D18S51	.	G,G
chr18	63281160	D18S51	.	G,G
chr18	63282546	D18S51	.	C,C
chr18	63283458	D18S51	.	T,T
chr18	63277305	D18S51	.	T,T
chr18	63280973	D18S51	.	T,T
chr18	63278273	D18S51	.	C,C
chr18	63276355	D18S51	.	A,A
chr18	63283106	D18S51	.	C,C
chr18	63281122	D18S51	.	C,C
chr18	63283248	D18S51	.	C,C
chr18	63281636	D18S51	.	AGAAAGAAAGAAAGAAAGAAAGAAAGAAAGAAAGAAAGAAAGAAAGAAAGAA,AGAAAGAAAGAAAGAAAGAAAGAAAGAAAGAAAGAAAGAAAGAAAGAAAGAAAGAAAGAAAGAA
chr18	63283250	D18S51	.	A,A
chr18	63275862	D18S51	.	T,T
chr18	63279221	D18S51	.	T,T
chr18	63282738	D18S51	.	T,T
chr18	63279666	D18S51	.	A,A
chr18	63276473	D18S51	.	C,C
chr18	63278735	D18S51	.	G,G
chr18	63280438	D18S51	.	A,A
chr18	63281872	D18S51	.	G,G
chr18	63280428	D18S51	.	A,A
chr18	63280651	D18S51	.	G,G
chr18	63276146	D18S51	.	G,G
chr18	63277980	D18S51	.	C,C
chr18	63283686	D18S51	.	C,C
chr18	63276318	D18S51	.	A,A
chr18	63278893	D18S51	.	A,A
chr18	63276726	D18S51	.	A,A
chr18	63276725	D18S51	.	C,C
chr18	63280302	D18S51	.	T,T
chr18	63279304	D18S51	.	G,G
chr18	63283481	D18S51	.	T,TTTAG
chr18	63280296	D18S51	.	C,C
chr19	29931318	D19S433	.	G,G
chr19	29930184	D19S433	.	C,C
chr19	29932326	D19S433	.	T,C
chr19	29932606	D19S433	.	C,T
chr19	29932318	D19S433	.	T,G
chr19	29928267	D19S433	.	C,T
chr19	29930844	D19S433	.	G,G
chr19	29929765	D19S433	.	A,A
chr19	29932958	D19S433	.	C,C
chr19	29933245	D19S433	.	T,C
chr19	29934711	D19S433	.	T,T
chr19	29932409	D19S433	.	T,C
chr19	29926522	D19S433	.	T,T
chr19	29933775	D19S433	.	C,C
chr19	29929068	D19S433	.	C,T
chr19	29932201	D19S433	.	T,T
chr19	29933908	D19S433	.	T,C
chr19	29931553	D19S433	.	C,C
chr19	29928462	D19S433	.	C,T
chr19	29932213	D19S433	.	G,A
chr19	29934097	D19S433	.	G,G
chr19	29927251	D19S433	.	T,C
chr19	29930573	D19S433	.	C,G
chr19	29927955	D19S433	.	A,G
chr19	29931706	D19S433	.	A,A
chr19	29929338	D19S433	.	T,TGTA
chr19	29933715	D19S433	.	T,A
chr19	29927102	D19S433	.	T,C
chr19	29927327	D19S433	.	A,A
chr19	29930842	D19S433	.	T,T
chr19	29929774	D19S433	.	CTTTGCTCAT,CTTTGCTCAT
chr19	29926286	D19S433	.	A,T
chr19	29933722	D19S433	.	C,T
chr19	29926696	D19S433	.	G,T
chr19	29933390	D19S433	.	C,C
chr19	29926116	D19S433	.	CCTTCCTTCCTTCCTTCCTTCCTTCCTTCCTTCCTTCCTTCCTTCCTTCCTACCTTCTTTCCTT,CCTTCCTTCCTTCCTTCCTTCCTTCCTTCCTTCCTTCCTTCCTTCCTTCCTTCCTTCCTTCCTACCTTTTCCTT
chr19	29927481	D19S433	.	T,C
chr22	37141023	D22S1045	.	G,G
chr22	37147116	D22S1045	.	G,G
chr22	37144029	D22S1045	.	G,G
chr22	37144082	D22S1045	.	C,C
chr22	37141018	D22S1045	.	G,G
chr22	37147280	D22S1045	.	G,G
chr22	37148205	D22S1045	.	A,G
chr22	37143088	D22S1045	.	T,T
chr22	37143920	D22S1045	.	C,C
chr22	37146004	D22S1045	.	C,C
chr22	37142468	D22S1045	.	G,G
chr22	37143148	D22S1045	.	A,A
chr22	37145088	D22S1045	.	CT,CT
chr22	37143157	D22S1045	.	G,G
chr22	37145791	D22S1045	.	C,C
chr22	37141708	D22S1045	.	A,A
chr22	37141806	D22S1045	.	G,G
chr22	37140200	D22S1045	.	ATTATTATTATTATTATTATTATTATTATTATTATTATTACTATTATT,ATTATTATTATTATTATTATTATTATTATTATTATTATTACTATTATT
chr22	37142947	D22S1045	.	A,A
chr22	37146691	D22S1045	.	G,G
chr22	37140682	D22S1045	.	ATGATGGT,ATGATGGT
chr22	37142244	D22S1045	.	G,G
chr22	37147823	D22S1045	.	C,C
chr22	37146161	D22S1045	.	A,A
chr22	37143673	D22S1045	.	C,C
chr22	37141474	D22S1045	.	C,C
chr22	37144520	D22S1045	.	G,G
chr22	37146722	D22S1045	.	A,A
chr22	37141214	D22S1045	.	T,T
chr22	37144685	D22S1045	.	G,G
chr22	37145834	D22S1045	.	T,T
chr22	37145875	D22S1045	.	G,G
chr22	37142100	D22S1045	.	G,G
chr22	37145958	D22S1045	.	A,A
chr22	37143923	D22S1045	.	G,G
chr22	37142227	D22S1045	.	C,C
chr22	37146821	D22S1045	.	A,A
chr22	37145772	D22S1045	.	G,G
chr22	37148067	D22S1045	.	A,A
chr22	37147133	D22S1045	.	A,A
chr22	37142288	D22S1045	.	T,T
chr22	37145562	D22S1045	.	C,C
